DB01148,CHEMBL1493
DB01359,CHEMBL1290
DB00246,CHEMBL708
DB04878,CHEMBL476960
DB06589,CHEMBL477772
DB00133,CHEMBL11298
DB00972,CHEMBL639
DB00322,CHEMBL917
DB00833,CHEMBL680
DB00748,CHEMBL864
DB00318,CHEMBL485
DB00666,CHEMBL1201309
DB00732,CHEMBL1360
DB06151,CHEMBL600
DB08991,CHEMBL1411693
DB00218,CHEMBL32
DB00208,CHEMBL833
DB06725,CHEMBL1569487
DB01105,CHEMBL1419
DB01078,CHEMBL1614
DB00264,CHEMBL13
DB01115,CHEMBL193
DB00304,CHEMBL1533
DB00302,CHEMBL877
DB00432,CHEMBL1129
DB00360,CHEMBL337765
DB01553,CHEMBL2107254
DB00341,CHEMBL1000
DB01158,CHEMBL1199080
DB01414,CHEMBL2110602
DB01611,CHEMBL1535
DB00960,CHEMBL500
DB08965,CHEMBL2109188
DB01203,CHEMBL649
DB00849,CHEMBL45029
DB06827,CHEMBL3085436
DB01132,CHEMBL595
DB01173,CHEMBL900
DB00479,CHEMBL177
DB00050,CHEMBL1200490
DB00426,CHEMBL880
DB00385,CHEMBL20225
DB01114,CHEMBL505
DB06707,CHEMBL677
DB04930,CHEMBL1525
DB00421,CHEMBL1393
DB08847,CHEMBL352418
DB00345,CHEMBL463
DB04942,CHEMBL25202
DB01164,CHEMBL1200668
DB00802,CHEMBL634
DB00651,CHEMBL1752
DB00852,CHEMBL1590
DB04575,CHEMBL1201165
DB00621,CHEMBL1200436
DB00198,CHEMBL1229
DB00653,CHEMBL2021423
DB01064,CHEMBL434
DB00266,CHEMBL1466
DB00201,CHEMBL113
DB00335,CHEMBL24
DB00173,CHEMBL226345
DB00964,CHEMBL647
DB00993,CHEMBL1542
DB00492,CHEMBL3306578
DB01070,CHEMBL2356023
DB00803,CHEMBL499783
DB00546,CHEMBL328250
DB00648,CHEMBL1670
DB00284,CHEMBL1566
DB00446,CHEMBL130
DB09000,CHEMBL2104153
DB00590,CHEMBL707
DB00892,CHEMBL1200
DB06810,CHEMBL1237054
DB05246,CHEMBL697
DB01029,CHEMBL1513
DB00755,CHEMBL1235644
DB08792,CHEMBL1334860
DB04711,CHEMBL1165268
DB00405,CHEMBL1201287
DB00923,CHEMBL1201046
DB01165,CHEMBL4
DB01377,CHEMBL1200572
DB00682,CHEMBL1464
DB00594,CHEMBL945
DB00549,CHEMBL603
DB00430,CHEMBL1201204
DB00158,CHEMBL1622
DB00652,CHEMBL560
DB01144,CHEMBL17
DB06414,CHEMBL308954
DB00130,CHEMBL930
DB00967,CHEMBL1172
DB01342,CHEMBL315021
DB00543,CHEMBL1113
DB00962,CHEMBL1521
DB01375,CHEMBL3185220
DB01578,CHEMBL462394
DB01124,CHEMBL782
DB01018,CHEMBL862
DB00154,CHEMBL465183
DB01066,CHEMBL454446
DB01594,CHEMBL2104926
DB01435,CHEMBL277474
DB01146,CHEMBL1492
DB00841,CHEMBL926
DB01357,CHEMBL1201151
DB00359,CHEMBL439
DB01139,CHEMBL1599
DB00230,CHEMBL1059
DB00951,CHEMBL64
DB00260,CHEMBL771
DB01382,CHEMBL1697838
DB01433,CHEMBL170179
DB00324,CHEMBL1200600
DB06817,CHEMBL1162988
DB00853,CHEMBL810
DB06717,CHEMBL1199324
DB00733,CHEMBL1420
DB01231,CHEMBL936
DB00151,CHEMBL863
DB01394,CHEMBL87
DB01076,CHEMBL3184381
DB00464,CHEMBL1208306
DB00148,CHEMBL283800
DB06237,CHEMBL1963681
DB00614,CHEMBL1374738
DB08918,CHEMBL99946
DB08877,CHEMBL1789941
DB08815,CHEMBL1237021
DB00455,CHEMBL998
DB07402,CHEMBL1565476
DB00661,CHEMBL6966
DB00881,CHEMBL1592
DB00713,CHEMBL819
DB01238,CHEMBL1112
DB00300,CHEMBL483
DB00228,CHEMBL1257
DB08910,CHEMBL43452
DB00781,CHEMBL241797
DB01579,CHEMBL1744
DB00204,CHEMBL473
DB00303,CHEMBL1359
DB00774,CHEMBL1763
DB00498,CHEMBL711
DB00493,CHEMBL1730
DB01267,CHEMBL1621
DB01395,CHEMBL1509
DB00537,CHEMBL8
DB01384,CHEMBL1579
DB00554,CHEMBL527
DB00826,CHEMBL1200656
DB00846,CHEMBL1201012
DB01183,CHEMBL80
DB00699,CHEMBL1372950
DB00433,CHEMBL728
DB00530,CHEMBL553
DB00824,CHEMBL279898
DB08974,CHEMBL1454946
DB00305,CHEMBL105
DB01369,CHEMBL1200649
DB01063,CHEMBL1085
DB00287,CHEMBL1200799
DB00799,CHEMBL1657
DB01229,CHEMBL428647
DB00531,CHEMBL88
DB00441,CHEMBL888
DB06730,CHEMBL1213583
DB00726,CHEMBL644
DB06218,CHEMBL58323
DB00742,CHEMBL689
DB00527,CHEMBL1086
DB04855,CHEMBL184412
DB01329,CHEMBL507674
DB08924,CHEMBL2105544
DB01197,CHEMBL1560
DB00641,CHEMBL1064
DB01241,CHEMBL457
DB08912,CHEMBL2028663
DB03255,CHEMBL14060
DB08984,CHEMBL1451633
DB00366,CHEMBL1004
DB01141,CHEMBL457547
DB06712,CHEMBL517427
DB00402,CHEMBL1522
DB00793,CHEMBL1289
DB08887,CHEMBL2095209
DB01587,CHEMBL2104356
DB00296,CHEMBL1077896
DB01426,CHEMBL2357792
DB00868,CHEMBL1374379
DB08957,CHEMBL1589896
DB01193,CHEMBL642
DB06803,CHEMBL1448
DB01001,CHEMBL714
DB01142,CHEMBL101740
DB08932,CHEMBL2103873
DB00321,CHEMBL629
DB01046,CHEMBL1201134
DB00232,CHEMBL1577
DB01040,CHEMBL1200847
DB00645,CHEMBL1201217
DB01403,CHEMBL1764
DB00409,CHEMBL22242
DB00659,CHEMBL1201293
DB00942,CHEMBL1201227
DB00380,CHEMBL1738
DB08933,CHEMBL2105689
DB00516,CHEMBL1201446
DB00940,CHEMBL1201264
DB01591,CHEMBL1200803
DB01331,CHEMBL996
DB00315,CHEMBL1185
DB01437,CHEMBL1102
DB00384,CHEMBL585
DB00190,CHEMBL1200748
DB05812,CHEMBL254328
DB00473,CHEMBL1197
DB00660,CHEMBL1079604
DB00741,CHEMBL389621
DB00091,CHEMBL386389
DB06710,CHEMBL1395
DB00476,CHEMBL1175
DB06268,CHEMBL282724
DB01355,CHEMBL7728
DB00630,CHEMBL870
DB00451,CHEMBL1624
DB08930,CHEMBL1229211
DB00656,CHEMBL621
DB00586,CHEMBL139
DB00830,CHEMBL1201208
DB00711,CHEMBL684
DB00420,CHEMBL564
DB01588,CHEMBL969
DB00904,CHEMBL46
DB08865,CHEMBL601719
DB04948,CHEMBL17860
DB06813,CHEMBL1201746
DB04835,CHEMBL1201187
DB01189,CHEMBL1200733
DB00843,CHEMBL502
DB08905,CHEMBL132530
DB00373,CHEMBL173706
DB00450,CHEMBL1108
DB00770,CHEMBL495
DB01224,CHEMBL716
DB01240,CHEMBL1139
DB06715,CHEMBL1141
DB00560,CHEMBL376140
DB00123,CHEMBL8085
DB01127,CHEMBL808
DB01261,CHEMBL1422
DB00445,CHEMBL417
DB01182,CHEMBL631
DB00368,CHEMBL1437
DB00458,CHEMBL11
DB00632,CHEMBL1200453
DB00936,CHEMBL424
DB00326,CHEMBL1237066
DB01392,CHEMBL15245
DB00155,CHEMBL444814
DB00567,CHEMBL1727
DB00358,CHEMBL416956
DB08916,CHEMBL1173655
DB01198,CHEMBL135400
DB00684,CHEMBL1747
DB00509,CHEMBL559
DB01223,CHEMBL1370561
DB01361,CHEMBL564085
DB08604,CHEMBL849
DB00407,CHEMBL1201448
DB00551,CHEMBL734
DB08807,CHEMBL357995
DB00538,CHEMBL1200457
DB01093,CHEMBL504
DB00680,CHEMBL1075
DB00768,CHEMBL1189432
DB01268,CHEMBL535
DB00782,CHEMBL1180725
DB09020,CHEMBL942
DB01274,CHEMBL1363
DB00882,CHEMBL954
DB00191,CHEMBL1574
DB01393,CHEMBL264374
DB01032,CHEMBL897
DB08946,CHEMBL867
DB00949,CHEMBL1094
DB08808,CHEMBL305380
DB00795,CHEMBL421
DB01068,CHEMBL452
DB00240,CHEMBL1201361
DB01251,CHEMBL383634
DB00226,CHEMBL1037
DB01051,CHEMBL36506
DB01175,CHEMBL1508
DB01013,CHEMBL1159650
DB01048,CHEMBL1380
DB00328,CHEMBL6
DB00922,CHEMBL2051955
DB00471,CHEMBL787
DB00783,CHEMBL135
DB01143,CHEMBL1006
DB01196,CHEMBL1575
DB01199,CHEMBL339427
DB01017,CHEMBL1434
DB01614,CHEMBL39560
DB00390,CHEMBL1751
DB06287,CHEMBL1201182
DB00756,CHEMBL496
DB00467,CHEMBL826
DB00903,CHEMBL456
DB00771,CHEMBL620
DB01178,CHEMBL1200714
DB00238,CHEMBL57
DB00634,CHEMBL455
DB00927,CHEMBL902
DB00443,CHEMBL632
DB00355,CHEMBL158
DB01009,CHEMBL571
DB01222,CHEMBL1370
DB01044,CHEMBL31
DB04920,CHEMBL1237132
DB00369,CHEMBL152
DB01262,CHEMBL1201129
DB00672,CHEMBL498
DB00596,CHEMBL1876307
DB01169,CHEMBL1200978
DB00434,CHEMBL516
DB01248,CHEMBL92
DB01140,CHEMBL1644
DB01006,CHEMBL1444
DB00797,CHEMBL770
DB00780,CHEMBL1089
DB00391,CHEMBL26
DB00957,CHEMBL1200934
DB00141,CHEMBL447878
DB00683,CHEMBL655
DB01297,CHEMBL6995
DB06706,CHEMBL1697841
DB01123,CHEMBL55400
DB06201,CHEMBL1201754
DB00340,CHEMBL1201342
DB00553,CHEMBL416
DB01043,CHEMBL807
DB01249,CHEMBL1200507
DB00929,CHEMBL606
DB09009,CHEMBL1093
DB04894,CHEMBL3349523
DB00418,CHEMBL447
DB01130,CHEMBL1200386
DB01656,CHEMBL193240
DB00361,CHEMBL607994
DB00764,CHEMBL1201404
DB00211,CHEMBL1201212
DB01035,CHEMBL640
DB00566,CHEMBL28721
DB00935,CHEMBL762
DB00913,CHEMBL1201347
DB00958,CHEMBL1351
DB01162,CHEMBL611
DB00728,CHEMBL1201244
DB01128,CHEMBL409
DB00161,CHEMBL43068
DB00216,CHEMBL1510
DB00291,CHEMBL515
DB01242,CHEMBL415
DB00622,CHEMBL1484
DB00690,CHEMBL968
DB00915,CHEMBL660
DB04898,CHEMBL522038
DB01209,CHEMBL1685
DB00947,CHEMBL1712246
DB00954,CHEMBL1237072
DB06751,CHEMBL551978
DB00274,CHEMBL1201195
DB00210,CHEMBL1265
DB00171,CHEMBL14249
DB00730,CHEMBL625
DB00854,CHEMBL592
DB01612,CHEMBL3188202
DB01213,CHEMBL1308
DB00584,CHEMBL578
DB00812,CHEMBL101
DB06210,CHEMBL461101
DB00431,CHEMBL15891
DB00231,CHEMBL967
DB00644,CHEMBL1981292
DB00175,CHEMBL1144
DB00700,CHEMBL1095097
DB04841,CHEMBL30008
DB00412,CHEMBL121
DB09018,CHEMBL399510
DB00655,CHEMBL1405
DB00187,CHEMBL768
DB08871,CHEMBL1683590
DB00804,CHEMBL1123
DB00842,CHEMBL568
DB01088,CHEMBL494
DB08911,CHEMBL2103875
DB00482,CHEMBL118
DB01106,CHEMBL1615438
DB00640,CHEMBL477
DB00872,CHEMBL1755
DB00410,CHEMBL719
DB00327,CHEMBL398707
DB01558,CHEMBL277062
DB01045,CHEMBL374478
DB00134,CHEMBL42336
DB00631,CHEMBL1750
DB01567,CHEMBL13291
DB00307,CHEMBL1023
DB00834,CHEMBL1276308
DB05109,CHEMBL450449
DB00140,CHEMBL1534
DB01080,CHEMBL89598
DB06701,CHEMBL827
DB00875,CHEMBL54661
DB00845,CHEMBL1292
DB01622,CHEMBL609109
DB00937,CHEMBL1194666
DB00761,CHEMBL1200731
DB04953,CHEMBL41355
DB00694,CHEMBL178
DB01094,CHEMBL399121
DB02959,CHEMBL350221
DB01236,CHEMBL1200694
DB00495,CHEMBL129
DB04571,CHEMBL1475
DB00946,CHEMBL1465
DB01034,CHEMBL45627
DB00183,CHEMBL1328
DB01416,CHEMBL1672
DB01320,CHEMBL1201336
DB01347,CHEMBL305544
DB00688,CHEMBL1456
DB04946,CHEMBL14376
DB03147,CHEMBL1232653
DB01438,CHEMBL1242
DB01075,CHEMBL657
DB00491,CHEMBL1561
DB00261,CHEMBL760
DB00343,CHEMBL23
DB08981,CHEMBL277522
DB01107,CHEMBL1200790
DB00207,CHEMBL529
DB08796,CHEMBL2104900
DB01390,CHEMBL1353
DB00507,CHEMBL1401
DB01005,CHEMBL467
DB00182,CHEMBL405
DB01595,CHEMBL13209
DB06623,CHEMBL255044
DB04837,CHEMBL1201313
DB01237,CHEMBL1201245
DB00290,CHEMBL403664
DB01616,CHEMBL253371
DB00985,CHEMBL1200406
DB01016,CHEMBL472
DB00744,CHEMBL93
DB00995,CHEMBL1366
DB00989,CHEMBL636
DB00565,CHEMBL1200641
DB08811,CHEMBL404216
DB04861,CHEMBL434394
DB00126,CHEMBL196
DB00620,CHEMBL1451
DB00811,CHEMBL1643
DB00184,CHEMBL440464
DB00751,CHEMBL1106
DB00595,CHEMBL1517
DB01021,CHEMBL1054
DB06204,CHEMBL1201776
DB00677,CHEMBL1025
DB01581,CHEMBL438
DB00424,CHEMBL1331216
DB00121,CHEMBL857
DB00351,CHEMBL1201139
DB00519,CHEMBL1519
DB06699,CHEMBL415606
DB01012,CHEMBL1201284
DB00703,CHEMBL288100
DB00809,CHEMBL1200604
DB00664,CHEMBL1525826
DB01022,CHEMBL1550
DB00349,CHEMBL70418
DB00277,CHEMBL190
DB00292,CHEMBL681
DB01037,CHEMBL8663
DB01133,CHEMBL1350
DB06689,CHEMBL1200394
DB01170,CHEMBL765
DB00606,CHEMBL61593
DB00362,CHEMBL264241
DB00605,CHEMBL15770
DB00139,CHEMBL576
DB01397,CHEMBL2106755
DB08996,CHEMBL1328913
DB00836,CHEMBL841
DB06695,CHEMBL539697
DB00754,CHEMBL1095
DB00973,CHEMBL1138
DB00120,CHEMBL301523
DB00149,CHEMBL291962
DB00419,CHEMBL1029
DB01396,CHEMBL254219
DB00571,CHEMBL27
DB00952,CHEMBL1278
DB00916,CHEMBL137
DB01601,CHEMBL729
DB01627,CHEMBL1447
DB00692,CHEMBL597
DB00911,CHEMBL1220
DB00679,CHEMBL479
DB00712,CHEMBL563
DB00262,CHEMBL513
DB01349,CHEMBL432162
DB00948,CHEMBL1731
DB00902,CHEMBL1200959
DB00413,CHEMBL301265
DB01039,CHEMBL672
DB06288,CHEMBL243712
DB08944,CHEMBL2105002
DB00521,CHEMBL839
DB00541,CHEMBL90555
DB00963,CHEMBL1077
DB00696,CHEMBL442
DB00716,CHEMBL746
DB01121,CHEMBL918
DB01137,CHEMBL33
DB00966,CHEMBL1017
DB06781,CHEMBL1201749
DB01180,CHEMBL3182071
DB09014,CHEMBL2110809
DB00658,CHEMBL1201798
DB00604,CHEMBL560739
DB00259,CHEMBL21
DB00539,CHEMBL1655
DB00984,CHEMBL1200412
DB08947,CHEMBL1200932
DB00598,CHEMBL429
DB01422,CHEMBL1454910
DB00331,CHEMBL1431
DB01059,CHEMBL9
DB06274,CHEMBL270190
DB00188,CHEMBL325041
DB00961,CHEMBL1087
DB00818,CHEMBL526
DB00980,CHEMBL1218
DB00194,CHEMBL1090
DB01204,CHEMBL58
DB00878,CHEMBL790
DB04572,CHEMBL671
DB00363,CHEMBL42
DB00615,CHEMBL444633
DB01338,CHEMBL1201206
DB00035,CHEMBL376685
DB00724,CHEMBL1282
DB09002,CHEMBL415087
DB01154,CHEMBL440
DB00765,CHEMBL1200862
DB02638,CHEMBL2135460
DB00167,CHEMBL1233584
DB01033,CHEMBL1425
DB00858,CHEMBL1582
DB00517,CHEMBL1578
DB00172,CHEMBL54922
DB00821,CHEMBL1316
DB00308,CHEMBL533
DB00200,CHEMBL2103737
DB00646,CHEMBL229383
DB00529,CHEMBL666
DB00934,CHEMBL21731
DB00181,CHEMBL701
DB00798,CHEMBL329592
DB00177,CHEMBL1069
DB01233,CHEMBL86
DB01235,CHEMBL1009
DB00378,CHEMBL1200853
DB08884,CHEMBL1201768
DB00801,CHEMBL970
DB00877,CHEMBL413
DB00945,CHEMBL25
DB00816,CHEMBL776
DB00160,CHEMBL279597
DB00747,CHEMBL569713
DB00357,CHEMBL488
DB01610,CHEMBL1201314
DB00869,CHEMBL218490
DB00860,CHEMBL131
DB00309,CHEMBL219146
DB01086,CHEMBL278172
DB00706,CHEMBL836
DB00268,CHEMBL589
DB01023,CHEMBL1480
DB00895,CHEMBL1201779
DB00609,CHEMBL1441
DB06804,CHEMBL1410
DB00996,CHEMBL940
DB01010,CHEMBL1104
DB01084,CHEMBL594
DB00573,CHEMBL1297
DB00896,CHEMBL111461
DB01071,CHEMBL73451
DB00813,CHEMBL596
DB01072,CHEMBL1163
DB00789,CHEMBL1200431
DB00588,CHEMBL1473
DB00344,CHEMBL668
DB00701,CHEMBL116
DB01053,CHEMBL29
DB00647,CHEMBL1213351
DB00398,CHEMBL1336
DB00440,CHEMBL22
DB00857,CHEMBL822
DB00469,CHEMBL302795
DB01155,CHEMBL430
DB00371,CHEMBL979
DB00282,CHEMBL834
DB00487,CHEMBL267648
DB00233,CHEMBL1169
DB06213,CHEMBL317052
DB00819,CHEMBL20
DB00938,CHEMBL1263
DB01036,CHEMBL1382
DB00306,CHEMBL1200802
DB01062,CHEMBL1231
DB01221,CHEMBL742
DB01365,CHEMBL1201234
DB08816,CHEMBL398435
DB00689,CHEMBL1200971
DB01166,CHEMBL799
DB00721,CHEMBL569
DB00610,CHEMBL1201319
DB06738,CHEMBL47072
DB00897,CHEMBL646
DB00548,CHEMBL1238
DB00959,CHEMBL650
DB01409,CHEMBL1900528
DB00602,CHEMBL1200633
DB06800,CHEMBL1186579
DB01356,CHEMBL1234004
DB01208,CHEMBL850
DB00243,CHEMBL1404
DB00695,CHEMBL35
DB00792,CHEMBL1241
DB00235,CHEMBL189
DB00411,CHEMBL14
DB00129,CHEMBL446143
DB01181,CHEMBL1024
DB09006,CHEMBL1897738
DB00888,CHEMBL427
DB00330,CHEMBL44884
DB00905,CHEMBL1200963
DB00623,CHEMBL726
DB04574,CHEMBL494753
DB01101,CHEMBL1773
DB00425,CHEMBL911
DB01411,CHEMBL21333
DB00461,CHEMBL1070
DB00294,CHEMBL1531
DB00504,CHEMBL1254682
DB00552,CHEMBL1580
DB00722,CHEMBL1237
DB01264,CHEMBL1323
DB00180,CHEMBL1512
DB08842,CHEMBL1358846
DB00520,CHEMBL499808
DB01559,CHEMBL1697737
DB00165,CHEMBL1364
DB00152,CHEMBL1547
DB06696,CHEMBL426926
DB00776,CHEMBL1068
DB08982,CHEMBL330829
DB02703,CHEMBL374975
DB01160,CHEMBL1200896
DB00316,CHEMBL112
DB01020,CHEMBL1311
DB00714,CHEMBL53
DB00438,CHEMBL44354
DB01428,CHEMBL1625
DB00150,CHEMBL54976
DB01195,CHEMBL652
DB00626,CHEMBL1200558
DB00523,CHEMBL705
DB00624,CHEMBL386630
DB00280,CHEMBL517
DB09019,CHEMBL253376
DB08864,CHEMBL175691
DB01104,CHEMBL809
DB00671,CHEMBL1541
DB04890,CHEMBL1201758
DB00131,CHEMBL752
DB06702,CHEMBL1201764
DB00760,CHEMBL127
DB01150,CHEMBL276568
DB00192,CHEMBL1201242
DB01354,CHEMBL468837
DB00336,CHEMBL869
DB04876,CHEMBL142703
DB00295,CHEMBL70
DB01609,CHEMBL550348
DB00600,CHEMBL1388
DB00738,CHEMBL55
DB01003,CHEMBL428880
DB00393,CHEMBL1428
DB06795,CHEMBL419
DB00497,CHEMBL656
DB00346,CHEMBL709
DB01192,CHEMBL963
DB05013,CHEMBL1863513
DB01325,CHEMBL1532
DB01147,CHEMBL891
DB01351,CHEMBL267894
DB01619,CHEMBL278398
DB00186,CHEMBL580
DB00928,CHEMBL1489
DB08874,CHEMBL1255800
DB00994,CHEMBL184618
DB01625,CHEMBL1201232
DB00576,CHEMBL1191
DB00146,CHEMBL1040
DB08934,CHEMBL1259059
DB00734,CHEMBL85
DB01056,CHEMBL1762
DB06777,CHEMBL240597
DB01551,CHEMBL1595
DB05521,CHEMBL231813
DB00392,CHEMBL1206
DB00817,CHEMBL291157
DB00220,CHEMBL584
DB08979,CHEMBL576127
DB00735,CHEMBL626
DB00627,CHEMBL573
DB00490,CHEMBL49
DB01430,CHEMBL1183717
DB00871,CHEMBL1760
DB00285,CHEMBL637
DB00556,CHEMBL1663
DB05389,CHEMBL3707387
DB00427,CHEMBL855
DB01400,CHEMBL278020
DB00691,CHEMBL1165
DB00667,CHEMBL90
DB00906,CHEMBL1027
DB00245,CHEMBL1201203
DB00597,CHEMBL1200593
DB00480,CHEMBL848
DB04840,CHEMBL169901
DB00356,CHEMBL1371
DB00179,CHEMBL313972
DB01135,CHEMBL1237123
DB00503,CHEMBL163
DB01288,CHEMBL32800
DB00215,CHEMBL549
DB00723,CHEMBL524
DB08971,CHEMBL251634
DB00535,CHEMBL927
DB01340,CHEMBL515606
DB00832,CHEMBL797
DB00990,CHEMBL1200374
DB01194,CHEMBL220491
DB00132,CHEMBL8739
DB00281,CHEMBL79
DB01255,CHEMBL1201222
DB01008,CHEMBL820
DB00998,CHEMBL1279
DB01410,CHEMBL2040682
DB00737,CHEMBL1623
DB00470,CHEMBL465
DB00828,CHEMBL1757
DB01550,CHEMBL2105566
DB01205,CHEMBL407
DB00256,CHEMBL2103929
DB01418,CHEMBL397420
DB00887,CHEMBL1072
DB01244,CHEMBL1008
DB00762,CHEMBL481
DB01489,CHEMBL1095282
DB00540,CHEMBL445
DB00499,CHEMBL806
DB01074,CHEMBL75880
DB00563,CHEMBL34259
DB01082,CHEMBL372795
DB00396,CHEMBL103
DB00312,CHEMBL448
DB00223,CHEMBL1201380
DB00348,CHEMBL1337
DB00784,CHEMBL686
DB00514,CHEMBL1908323
DB01041,CHEMBL468
DB00525,CHEMBL83668
DB01600,CHEMBL365795
DB00169,CHEMBL1042
DB00227,CHEMBL503
DB00193,CHEMBL1066
DB00583,CHEMBL1149
DB00222,CHEMBL149223
DB03166,CHEMBL539
DB00587,CHEMBL283754
DB06729,CHEMBL1109
DB00720,CHEMBL12318
DB01586,CHEMBL1551
DB00249,CHEMBL788
DB09015,CHEMBL1616951
DB00477,CHEMBL71
DB01042,CHEMBL852
DB04552,CHEMBL63323
DB01069,CHEMBL643
DB01605,CHEMBL1650818
DB00437,CHEMBL1467
DB05260,CHEMBL1200983
DB08820,CHEMBL2010601
DB00145,CHEMBL773
DB00710,CHEMBL997
DB08881,CHEMBL1229517
DB01580,CHEMBL546
DB08907,CHEMBL2048484
DB08810,CHEMBL2104523
DB00650,CHEMBL1908841
DB01265,CHEMBL374731
DB02187,CHEMBL323533
DB00978,CHEMBL561
DB00669,CHEMBL128
DB00607,CHEMBL1443
DB01298,CHEMBL1201056
DB05265,CHEMBL2104585
DB00138,CHEMBL590540
DB00136,CHEMBL846
DB01576,CHEMBL612
DB00674,CHEMBL659
DB00908,CHEMBL1294
DB00423,CHEMBL1201117
DB00675,CHEMBL83
DB01408,CHEMBL521589
DB01028,CHEMBL1341
DB00524,CHEMBL878
DB01589,CHEMBL1200472
DB01055,CHEMBL245416
DB08890,CHEMBL3301675
DB00778,CHEMBL1214185
DB00494,CHEMBL953
DB01129,CHEMBL1219
DB00320,CHEMBL1732
DB00786,CHEMBL279785
DB01626,CHEMBL673
DB00685,CHEMBL428
DB01243,CHEMBL1200596
DB00806,CHEMBL628
DB00837,CHEMBL287631
DB01273,CHEMBL1396
DB00399,CHEMBL924
DB00339,CHEMBL614
DB00429,CHEMBL1237105
DB00459,CHEMBL1131
DB01263,CHEMBL221872
DB00478,CHEMBL959
DB00314,CHEMBL2303634
DB00773,CHEMBL44657
DB01283,CHEMBL404108
DB00408,CHEMBL831
DB00839,CHEMBL817
DB00388,CHEMBL1215
DB01174,CHEMBL40
DB01545,CHEMBL1213460
DB06684,CHEMBL439849
DB01336,CHEMBL1259
DB00823,CHEMBL1200624
DB00673,CHEMBL1471
DB01054,CHEMBL475534
DB00387,CHEMBL86715
DB00759,CHEMBL1440
DB01215,CHEMBL285674
DB00162,CHEMBL986
DB00992,CHEMBL1096562
DB08995,CHEMBL231884
DB01415,CHEMBL1605
DB00404,CHEMBL661
DB00389,CHEMBL508102
DB00550,CHEMBL1518
DB01275,CHEMBL276832
DB00912,CHEMBL1272
DB00353,CHEMBL1201356
DB00847,CHEMBL602
DB04877,CHEMBL445022
DB00663,CHEMBL1200877
DB01239,CHEMBL90125
DB01118,CHEMBL633
DB06148,CHEMBL6437
DB01420,CHEMBL1170
DB01296,CHEMBL493287
DB06768,CHEMBL1200747
DB00116,CHEMBL2021342
DB00395,CHEMBL1233
DB00800,CHEMBL588
DB08992,CHEMBL1902981
DB08801,CHEMBL22108
DB01159,CHEMBL931
DB08993,CHEMBL2146142
DB08824,CHEMBL2110569
DB01615,CHEMBL2104054
DB00704,CHEMBL19019
DB00299,CHEMBL1540
DB06809,CHEMBL18442
DB06402,CHEMBL3301680
DB01250,CHEMBL425
DB09003,CHEMBL2104103
DB00810,CHEMBL1101
DB01339,CHEMBL1201219
DB00234,CHEMBL180101
DB06771,CHEMBL1201760
DB01108,CHEMBL1200907
DB00746,CHEMBL556
DB00899,CHEMBL1005
DB01598,CHEMBL148
DB06698,CHEMBL24441
DB06663,CHEMBL3349607
DB01623,CHEMBL1201
DB00195,CHEMBL423
DB00117,CHEMBL17962
DB01015,CHEMBL443
DB06705,CHEMBL1908362
DB05294,CHEMBL24828
DB00185,CHEMBL168815
DB01618,CHEMBL460
DB00943,CHEMBL853
DB00697,CHEMBL1079
DB00125,CHEMBL1485
DB00288,CHEMBL1200732
DB08897,CHEMBL1194325
DB00739,CHEMBL1201116
DB01157,CHEMBL119
DB00582,CHEMBL638
DB01324,CHEMBL1587
DB01117,CHEMBL1450
DB00593,CHEMBL696
DB00488,CHEMBL1455
DB01120,CHEMBL427216
DB00196,CHEMBL106
DB01328,CHEMBL1601
DB08889,CHEMBL451887
DB01131,CHEMBL1377
DB00921,CHEMBL560511
DB00982,CHEMBL547
DB01153,CHEMBL1201196
DB01245,CHEMBL1190
DB01327,CHEMBL1435
DB00654,CHEMBL1051
DB00591,CHEMBL989
DB01380,CHEMBL1650
DB01191,CHEMBL248702
DB00831,CHEMBL422
DB00758,CHEMBL1771
DB08800,CHEMBL1194287
DB01210,CHEMBL1201237
DB00247,CHEMBL1065
DB00924,CHEMBL669
DB06711,CHEMBL761
DB00866,CHEMBL266195
DB00558,CHEMBL222813
DB00515,CHEMBL2068237
DB04896,CHEMBL252923
DB00444,CHEMBL452231
DB00974,CHEMBL858
DB01083,CHEMBL175247
DB08983,CHEMBL358150
DB06766,CHEMBL1201747
DB01085,CHEMBL550
DB08828,CHEMBL473417
DB01172,CHEMBL1384
DB00796,CHEMBL1016
DB01452,CHEMBL459324
DB00988,CHEMBL59
DB00932,CHEMBL222559
DB01628,CHEMBL416146
DB00717,CHEMBL1162
DB01110,CHEMBL91
DB01112,CHEMBL1436
DB00971,CHEMBL1200680
DB08941,CHEMBL1197051
DB01087,CHEMBL506
DB00542,CHEMBL838
DB06155,CHEMBL111
DB00237,CHEMBL449
DB05630,CHEMBL2079699
DB00969,CHEMBL1110
DB06335,CHEMBL385517
DB00865,CHEMBL3545985
DB01073,CHEMBL1096882
DB00750,CHEMBL1194
DB00534,CHEMBL2110562
DB01299,CHEMBL1539
DB01007,CHEMBL1200438
DB00014,CHEMBL1201247
DB06700,CHEMBL1118
DB00401,CHEMBL1726
DB00668,CHEMBL679
DB01103,CHEMBL7568
DB00153,CHEMBL1536
DB00561,CHEMBL1754
DB01096,CHEMBL847
DB01319,CHEMBL1664
DB00562,CHEMBL1201039
DB01004,CHEMBL182
DB01077,CHEMBL871
DB00979,CHEMBL1201338
DB06782,CHEMBL1597
DB08906,CHEMBL1676
DB01081,CHEMBL1201294
DB00406,CHEMBL459265
DB00435,CHEMBL1200689
DB00449,CHEMBL1201262
DB00376,CHEMBL1490
DB01398,CHEMBL447868
DB08990,CHEMBL1885437
DB08994,CHEMBL2104306
DB00999,CHEMBL435
DB00642,CHEMBL1201258
DB00788,CHEMBL154
DB00452,CHEMBL184618
DB00657,CHEMBL267936
DB00955,CHEMBL1572
DB04570,CHEMBL74632
DB06723,CHEMBL1200706
DB00394,CHEMBL1200500
DB08819,CHEMBL1963683
DB05266,CHEMBL19449
DB01337,CHEMBL185073
DB01436,CHEMBL1601669
DB00454,CHEMBL607
DB00693,CHEMBL1057
DB00381,CHEMBL1491
DB01214,CHEMBL1291
DB00592,CHEMBL1412
DB01113,CHEMBL19224
DB00374,CHEMBL1237119
DB05039,CHEMBL1095777
DB00987,CHEMBL803
DB06228,CHEMBL198362
DB01207,CHEMBL280728
DB06262,CHEMBL2103827
DB00975,CHEMBL932
DB01176,CHEMBL648
DB00708,CHEMBL658
DB04838,CHEMBL1480987
DB00474,CHEMBL7413
DB08827,CHEMBL354541
DB01406,CHEMBL1479
DB00814,CHEMBL599
DB01367,CHEMBL887
DB00225,CHEMBL1200346
DB01024,CHEMBL866
DB08896,CHEMBL1946170
DB08943,CHEMBL1571863
DB01295,CHEMBL314010
DB00822,CHEMBL964
DB00253,CHEMBL1201173
DB00276,CHEMBL43
DB00815,CHEMBL23393
DB01190,CHEMBL376185
DB00616,CHEMBL35084
DB01095,CHEMBL1078
DB00205,CHEMBL36
DB00263,CHEMBL453
DB00456,CHEMBL617
DB00884,CHEMBL923
DB00286,CHEMBL2106240
DB00379,CHEMBL558
DB06216,CHEMBL3544974
DB01228,CHEMBL315838
DB00496,CHEMBL1346
DB01280,CHEMBL1201112
DB06811,CHEMBL1201751
DB00159,CHEMBL460026
DB00219,CHEMBL1201286
DB00212,CHEMBL31601
DB01161,CHEMBL1179047
DB08882,CHEMBL237500
DB01065,CHEMBL45
DB00794,CHEMBL856
DB00898,CHEMBL545
DB00907,CHEMBL370805
DB00457,CHEMBL2
DB00448,CHEMBL480
DB00472,CHEMBL41
DB00662,CHEMBL1201256
DB06292,CHEMBL429910
DB01604,CHEMBL3182343
DB08798,CHEMBL2105399
DB06290,CHEMBL501849
DB00242,CHEMBL1619
DB00808,CHEMBL406
DB00559,CHEMBL957
DB00352,CHEMBL727
DB01184,CHEMBL219916
DB08966,CHEMBL1740659
DB00910,CHEMBL1200622
DB06439,CHEMBL1201548
DB00749,CHEMBL622
DB00880,CHEMBL842
DB00575,CHEMBL134
DB04938,CHEMBL2105395
DB00914,CHEMBL170988
DB01353,CHEMBL404422
DB00769,CHEMBL1201263
DB01608,CHEMBL251940
DB06616,CHEMBL288441
DB00686,CHEMBL1201516
DB00273,CHEMBL220492
DB06203,CHEMBL376359
DB00619,CHEMBL941
DB00174,CHEMBL58832
DB08873,CHEMBL218394
DB00986,CHEMBL1201335
DB00757,CHEMBL2368925
DB00168,CHEMBL171679
DB00255,CHEMBL2135534
DB02546,CHEMBL98
DB06209,CHEMBL1201772
DB00917,CHEMBL548
DB01577,CHEMBL1201201
DB01186,CHEMBL531
DB00272,CHEMBL1201323
DB06770,CHEMBL720
DB08834,CHEMBL272427
DB00250,CHEMBL1043
DB00633,CHEMBL778
DB04967,CHEMBL279014
DB00970,CHEMBL1554
DB00364,CHEMBL2029132
DB06614,CHEMBL139367
DB00500,CHEMBL1020
DB00862,CHEMBL1520
DB08835,CHEMBL1518212
DB01168,CHEMBL1321
DB00334,CHEMBL715
DB06691,CHEMBL511
DB00745,CHEMBL1373
DB00889,CHEMBL289469
DB01100,CHEMBL1423
DB00278,CHEMBL59461
DB01466,CHEMBL1712170
DB01049,CHEMBL2364968
DB04868,CHEMBL255863
DB00931,CHEMBL249837
DB00333,CHEMBL651
DB00475,CHEMBL451
DB01332,CHEMBL528
DB00579,CHEMBL781
DB01026,CHEMBL157101
DB06704,CHEMBL818
DB00953,CHEMBL905
DB00400,CHEMBL562
DB01145,CHEMBL1570
DB00825,CHEMBL470670
DB00581,CHEMBL296306
DB00885,CHEMBL1201198
DB00585,CHEMBL653
DB01407,CHEMBL49080
DB08826,CHEMBL70927
DB04880,CHEMBL249856
DB00870,CHEMBL956
DB00611,CHEMBL33986
DB06772,CHEMBL1201748
DB01597,CHEMBL766
DB00465,CHEMBL469
DB00257,CHEMBL104
DB00678,CHEMBL191
DB01067,CHEMBL1073
DB01000,CHEMBL1200356
DB01282,CHEMBL3301668
DB01592,CHEMBL1200830
DB00725,CHEMBL1200851
DB01218,CHEMBL1107
DB01621,CHEMBL398880
DB01607,CHEMBL1449
DB00135,CHEMBL925
DB00643,CHEMBL685
DB00968,CHEMBL459
DB00777,CHEMBL1201210
DB00128,CHEMBL274323
DB00707,CHEMBL1201481
DB00589,CHEMBL157138
DB00740,CHEMBL744
DB06255,CHEMBL56253
DB01219,CHEMBL1201288
DB00976,CHEMBL1136
DB00851,CHEMBL1574179
DB00874,CHEMBL980
DB00484,CHEMBL844
DB01247,CHEMBL1201168
DB00486,CHEMBL947
DB00820,CHEMBL779
DB01590,CHEMBL1908360
DB00501,CHEMBL30
DB00370,CHEMBL654
DB00252,CHEMBL16
DB08958,CHEMBL144673
DB00983,CHEMBL1256786
DB06775,CHEMBL1201780
DB06212,CHEMBL344159
DB01226,CHEMBL1182833
DB08795,CHEMBL2105907
DB00547,CHEMBL1766
DB06637,CHEMBL284348
DB01211,CHEMBL1741
DB00508,CHEMBL570
DB00629,CHEMBL1313657
DB01582,CHEMBL446
DB01179,CHEMBL61
DB00637,CHEMBL296419
DB00354,CHEMBL1201271
DB00909,CHEMBL750
DB01060,CHEMBL1082
DB00766,CHEMBL777
DB00918,CHEMBL1505
DB04786,CHEMBL265502
DB00156,CHEMBL291747
DB00298,CHEMBL1201216
DB00319,CHEMBL702
DB08936,CHEMBL22150
DB00166,CHEMBL33864
DB00681,CHEMBL267345
DB05245,CHEMBL1382627
DB00879,CHEMBL885
DB01061,CHEMBL1537
DB00254,CHEMBL1433
DB01602,CHEMBL1583
DB01421,CHEMBL370143
DB08802,CHEMBL2111066
DB08799,CHEMBL1305
DB06709,CHEMBL978
DB00428,CHEMBL1603
DB00271,CHEMBL1201220
DB01399,CHEMBL154111
DB01225,CHEMBL1201685
DB00317,CHEMBL939
DB01111,CHEMBL1201441
DB08822,CHEMBL2028661
DB04911,CHEMBL1688530
DB01301,CHEMBL1237046
DB00639,CHEMBL1295
DB00981,CHEMBL94
DB00883,CHEMBL6622
DB00436,CHEMBL1684
DB00863,CHEMBL512
DB00127,CHEMBL23194
DB00422,CHEMBL796
DB01253,CHEMBL119443
DB08901,CHEMBL1171837
DB00731,CHEMBL783
DB01234,CHEMBL384467
DB01294,CHEMBL1120
DB00876,CHEMBL813
DB00698,CHEMBL1515795
DB00258,CHEMBL1200800
DB00383,CHEMBL1495
DB01050,CHEMBL521
DB01102,CHEMBL1201251
DB00787,CHEMBL184
DB00265,CHEMBL3183440
DB00649,CHEMBL991
DB01014,CHEMBL1201346
DB00377,CHEMBL1276421
DB04842,CHEMBL46516
DB06694,CHEMBL312448
DB08968,CHEMBL1697837
DB00536,CHEMBL821
DB08868,CHEMBL314854
DB09008,CHEMBL316157
DB08797,CHEMBL27577
DB00545,CHEMBL1115
DB00481,CHEMBL81
DB00301,CHEMBL222645
DB00900,CHEMBL1460
DB00289,CHEMBL641
DB00638,CHEMBL1201646
DB00293,CHEMBL225071
DB00275,CHEMBL1516
DB00617,CHEMBL1100
DB00332,CHEMBL1908368
DB01171,CHEMBL86304
DB00920,CHEMBL534
DB00790,CHEMBL1581
DB00213,CHEMBL1502
DB00891,CHEMBL700
DB01246,CHEMBL829
DB00137,CHEMBL1979448
DB00859,CHEMBL13239
DB00367,CHEMBL1389
DB00453,CHEMBL2106071
DB01185,CHEMBL1445
DB01212,CHEMBL161
DB00709,CHEMBL141
DB00578,CHEMBL1214
DB00143,CHEMBL1543
DB00248,CHEMBL1201087
DB01025,CHEMBL1096
DB00729,CHEMBL1200880
DB06150,CHEMBL62193
DB00941,CHEMBL1201349
DB00613,CHEMBL682
DB01216,CHEMBL710
DB00544,CHEMBL185
DB01252,CHEMBL471498
DB00313,CHEMBL109
DB01482,CHEMBL2107591
DB01419,CHEMBL345524
DB01202,CHEMBL150361
DB01125,CHEMBL712
DB00442,CHEMBL713
DB08913,CHEMBL2107816
DB01364,CHEMBL211456
DB00569,CHEMBL1200644
DB00485,CHEMBL893
DB00214,CHEMBL1148
DB01097,CHEMBL960
DB00251,CHEMBL1306
DB00557,CHEMBL896
DB08860,CHEMBL1201753
DB00807,CHEMBL1196
DB00325,CHEMBL2097081
DB01031,CHEMBL1576
DB08976,CHEMBL2105075
DB00752,CHEMBL313833
DB06713,CHEMBL1200807
DB08928,CHEMBL1788384
DB01057,CHEMBL1201341
DB06802,CHEMBL1021
DB01431,CHEMBL3185133
DB08899,CHEMBL1082407
DB09028,CHEMBL497939
DB01092,CHEMBL222863
DB00118,CHEMBL224120
DB00618,CHEMBL1591
DB00526,CHEMBL414804
DB00635,CHEMBL635
DB00925,CHEMBL753
DB00665,CHEMBL1274
DB00483,CHEMBL1200993
DB00601,CHEMBL126
DB00163,CHEMBL47
DB00894,CHEMBL1571
DB00104,CHEMBL3182554
DB00687,CHEMBL1201388
DB01599,CHEMBL608
DB00608,CHEMBL76
DB00115,CHEMBL2110563
DB01321,CHEMBL224436
DB01206,CHEMBL514
DB01058,CHEMBL976
DB00176,CHEMBL1621884
DB00267,CHEMBL1201224
DB00628,CHEMBL1213252
DB01291,CHEMBL1094966
DB00564,CHEMBL108
DB04844,CHEMBL117785
DB00570,CHEMBL22969
DB04845,CHEMBL1201752
DB01463,CHEMBL7010
DB06147,CHEMBL437
DB00705,CHEMBL593
DB08903,CHEMBL376488
DB00977,CHEMBL691
DB01613,CHEMBL2107583
DB01603,CHEMBL575
DB00199,CHEMBL532
DB04843,CHEMBL524004
DB00122,CHEMBL920
DB00933,CHEMBL1088
DB01098,CHEMBL1496
DB00270,CHEMBL1648
DB00997,CHEMBL53463
DB00209,CHEMBL1201344
DB00867,CHEMBL785
DB01220,CHEMBL1617
DB01289,CHEMBL2106618
DB04865,CHEMBL46286
DB01544,CHEMBL13280
DB00170,CHEMBL590
DB06714,CHEMBL2105275
DB08954,CHEMBL305187
DB00502,CHEMBL2234294
DB01089,CHEMBL1200515
DB00719,CHEMBL946
DB00736,CHEMBL1201320
DB00338,CHEMBL1503
DB00093,CHEMBL3185126
DB08893,CHEMBL2095212
DB06196,CHEMBL2028850
DB00297,CHEMBL1098
DB08970,CHEMBL2106763
DB01366,CHEMBL1478530
DB01122,CHEMBL1652
DB01429,CHEMBL1213033
DB01260,CHEMBL1201109
DB00239,CHEMBL1262
DB00555,CHEMBL741
DB00956,CHEMBL1457
DB00310,CHEMBL1055
DB00873,CHEMBL1200865
DB01200,CHEMBL493
DB01412,CHEMBL1114
DB01217,CHEMBL1399
DB00827,CHEMBL1208
DB01126,CHEMBL1200969
DB00568,CHEMBL43064
DB01138,CHEMBL832
DB08803,CHEMBL2106467
DB01030,CHEMBL84
DB00829,CHEMBL12
DB04839,CHEMBL142130
DB00202,CHEMBL703
DB00939,CHEMBL509
DB00835,CHEMBL811
DB00119,CHEMBL1162144
DB00625,CHEMBL223228
DB00791,CHEMBL1488
DB06703,CHEMBL2218860
DB00779,CHEMBL5
DB04573,CHEMBL193482
DB00676,CHEMBL1239
DB01352,CHEMBL7863
DB01201,CHEMBL1660
DB01156,CHEMBL894
DB00950,CHEMBL914
DB00715,CHEMBL490
DB01047,CHEMBL1501
DB01119,CHEMBL181
DB08806,CHEMBL46102
DB01177,CHEMBL1117
DB00489,CHEMBL471
DB01256,CHEMBL566434
DB01259,CHEMBL554
DB00670,CHEMBL9967
DB00217,CHEMBL1201260
DB00727,CHEMBL730
DB00528,CHEMBL250270
DB01424,CHEMBL288470
DB00856,CHEMBL388751
DB06716,CHEMBL1201766
DB00375,CHEMBL1909303
DB00236,CHEMBL1585
DB01227,CHEMBL1514
DB01501,CHEMBL1201321
DB01188,CHEMBL1413
DB05271,CHEMBL1303
DB01136,CHEMBL723
DB00397,CHEMBL2092846
DB00805,CHEMBL278819
DB01254,CHEMBL1421
DB00460,CHEMBL2052016
DB01330,CHEMBL474579
DB00775,CHEMBL916
DB00513,CHEMBL1046
DB00221,CHEMBL1201213
DB06718,CHEMBL3182301
DB01019,CHEMBL1482
DB06207,CHEMBL24778
DB00323,CHEMBL1324
DB01326,CHEMBL1146
DB01090,CHEMBL1271
DB00577,CHEMBL1349
DB00599,CHEMBL441
DB01011,CHEMBL934
DB00855,CHEMBL601
DB01427,CHEMBL12856
DB06605,CHEMBL231779
DB06590,CHEMBL501122
DB00241,CHEMBL454
DB00147,CHEMBL102970
DB01303,CHEMBL1200434
DB00203,CHEMBL192
DB00337,CHEMBL1200686
DB00572,CHEMBL517712
DB06708,CHEMBL38827
DB00864,CHEMBL269732
DB01413,CHEMBL186
DB00350,CHEMBL802
DB00511,CHEMBL3545057
DB01149,CHEMBL623
DB00189,CHEMBL591
DB00861,CHEMBL898
DB06144,CHEMBL12713
DB01091,CHEMBL990
DB00279,CHEMBL1544
DB00763,CHEMBL1515
DB00772,CHEMBL1200468
DB08823,CHEMBL2040681
DB00844,CHEMBL895
DB01624,CHEMBL53904
DB00890,CHEMBL1018
DB01511,CHEMBL268254
DB01333,CHEMBL1604
DB00229,CHEMBL1296
DB01606,CHEMBL404
DB00283,CHEMBL1626
DB00206,CHEMBL772
DB00512,CHEMBL262777
DB08998,CHEMBL2107576
DB01423,CHEMBL2107531
DB00347,CHEMBL695
DB01764,CHEMBL1200937
DB00403,CHEMBL1201355
DB01232,CHEMBL114
DB00743,CHEMBL1200571
DB00468,CHEMBL170
DB08804,CHEMBL1200946
DB00224,CHEMBL115
DB00244,CHEMBL704
DB04794,CHEMBL277535
DB01099,CHEMBL1463
DB00518,CHEMBL1483
DB00850,CHEMBL567
DB01151,CHEMBL72
DB01362,CHEMBL1200455
DB00612,CHEMBL645
DB00178,CHEMBL1168
DB00603,CHEMBL717
DB02300,CHEMBL1200666
DB06594,CHEMBL10878
DB01425,CHEMBL290194
DB00919,CHEMBL1167
DB00753,CHEMBL1256
DB00636,CHEMBL565
DB00991,CHEMBL1071
DB06267,CHEMBL2103849
DB01002,CHEMBL1201193
DB00718,CHEMBL922
DB00415,CHEMBL174
DB08987,CHEMBL492
DB01167,CHEMBL22587
DB01187,CHEMBL951
DB09017,CHEMBL32479
DB08909,CHEMBL2105745
DB00417,CHEMBL615
DB00944,CHEMBL1201229
DB08967,CHEMBL346977
DB01116,CHEMBL1201329
DB01348,CHEMBL431
DB06697,CHEMBL566534
DB01620,CHEMBL1193